{
  "Get Authors" : {
    "transaction" : "Get Authors",
    "sampleCount" : 15,
    "errorCount" : 0,
    "errorPct" : 0.0,
    "meanResTime" : 279.6,
    "medianResTime" : 193.0,
    "minResTime" : 176.0,
    "maxResTime" : 735.0,
    "pct1ResTime" : 733.8,
    "pct2ResTime" : 735.0,
    "pct3ResTime" : 735.0,
    "throughput" : 5.353319057815845,
    "receivedKBytesPerSec" : 135.52261777301928,
    "sentKBytesPerSec" : 0.8957050767309065
  },
  "Get user" : {
    "transaction" : "Get user",
    "sampleCount" : 10,
    "errorCount" : 0,
    "errorPct" : 0.0,
    "meanResTime" : 184.90000000000003,
    "medianResTime" : 183.5,
    "minResTime" : 175.0,
    "maxResTime" : 206.0,
    "pct1ResTime" : 205.2,
    "pct2ResTime" : 206.0,
    "pct3ResTime" : 206.0,
    "throughput" : 3.2819166393173616,
    "receivedKBytesPerSec" : 0.9935489826058418,
    "sentKBytesPerSec" : 0.5192094683295044
  },
  "GET All Activities" : {
    "transaction" : "GET All Activities",
    "sampleCount" : 5,
    "errorCount" : 0,
    "errorPct" : 0.0,
    "meanResTime" : 329.6,
    "medianResTime" : 185.0,
    "minResTime" : 177.0,
    "maxResTime" : 908.0,
    "pct1ResTime" : 908.0,
    "pct2ResTime" : 908.0,
    "pct3ResTime" : 908.0,
    "throughput" : 1.9319938176197837,
    "receivedKBytesPerSec" : 5.831828994397218,
    "sentKBytesPerSec" : 0.3603621280911901
  },
  "Get Books" : {
    "transaction" : "Get Books",
    "sampleCount" : 10,
    "errorCount" : 0,
    "errorPct" : 0.0,
    "meanResTime" : 183.49999999999997,
    "medianResTime" : 180.0,
    "minResTime" : 175.0,
    "maxResTime" : 200.0,
    "pct1ResTime" : 199.8,
    "pct2ResTime" : 200.0,
    "pct3ResTime" : 200.0,
    "throughput" : 4.409171075837742,
    "receivedKBytesPerSec" : 2.1029679232804233,
    "sentKBytesPerSec" : 0.7147679673721341
  },
  "Total" : {
    "transaction" : "Total",
    "sampleCount" : 60,
    "errorCount" : 0,
    "errorPct" : 0.0,
    "meanResTime" : 239.7166666666667,
    "medianResTime" : 186.5,
    "minResTime" : 175.0,
    "maxResTime" : 908.0,
    "pct1ResTime" : 354.79999999999984,
    "pct2ResTime" : 725.8499999999995,
    "pct3ResTime" : 908.0,
    "throughput" : 15.702695629416382,
    "receivedKBytesPerSec" : 118.38028125817848,
    "sentKBytesPerSec" : 2.5749456130594086
  },
  "GET Book cover photo" : {
    "transaction" : "GET Book cover photo",
    "sampleCount" : 10,
    "errorCount" : 0,
    "errorPct" : 0.0,
    "meanResTime" : 189.19999999999996,
    "medianResTime" : 183.0,
    "minResTime" : 176.0,
    "maxResTime" : 247.0,
    "pct1ResTime" : 241.90000000000003,
    "pct2ResTime" : 247.0,
    "pct3ResTime" : 247.0,
    "throughput" : 3.287310979618672,
    "receivedKBytesPerSec" : 1.1492747370151217,
    "sentKBytesPerSec" : 0.5296936637080868
  },
  "Get Book" : {
    "transaction" : "Get Book",
    "sampleCount" : 10,
    "errorCount" : 0,
    "errorPct" : 0.0,
    "meanResTime" : 296.5,
    "medianResTime" : 244.5,
    "minResTime" : 237.0,
    "maxResTime" : 590.0,
    "pct1ResTime" : 574.1,
    "pct2ResTime" : 590.0,
    "pct3ResTime" : 590.0,
    "throughput" : 2.901073397156948,
    "receivedKBytesPerSec" : 13.40613214389324,
    "sentKBytesPerSec" : 0.4589588772845953
  }
}